date,symbol,side,strike,contracts,entryAt,entryPremium,exitAt,exitPremium,pnl,balanceAfter,reason
2026-06-01,SPY260601C00756000,Call,756,2,2026-06-23T00:42:01.087Z,1.4,2026-06-23T00:42:01.090Z,1.08,-64,336,"Stop loss: premium 1.08 ≤ stop 1.12 (20% loss)"
2026-06-01,SPY260601C00756000,Call,756,3,2026-06-23T00:42:01.212Z,0.96,2026-06-23T00:42:01.214Z,0.98,6,342,"Profit-lock stop: premium 0.98 ≤ locked stop 1.01 (raised to +5% profit after reaching +15% MFE)"
2026-06-01,SPY260601C00757000,Call,757,4,2026-06-23T00:42:01.423Z,0.56,2026-06-23T00:42:01.427Z,0.85,116,458,"Trailing stop: premium 0.85 ≤ 15% give-back from peak 1.07 (trail 0.91; armed at +25%)"
2026-06-01,SPY260601C00756000,Call,756,4,2026-06-23T00:42:01.537Z,0.94,2026-06-23T00:42:01.540Z,1.26,128,586,"Trailing stop: premium 1.26 ≤ 15% give-back from peak 1.52 (trail 1.29; armed at +24%)"
2026-06-01,SPY260601C00757000,Call,757,4,2026-06-23T00:42:01.565Z,0.71,2026-06-23T00:42:01.566Z,0.91,80,666,"Trailing stop: premium 0.91 ≤ 15% give-back from peak 1.24 (trail 1.05; armed at +25%)"
2026-06-01,SPY260601C00758000,Call,758,4,2026-06-23T00:42:01.831Z,0.36,2026-06-23T00:42:01.832Z,0.37,4,670,"Profit-lock stop: premium 0.37 ≤ locked stop 0.38 (raised to +5% profit after reaching +15% MFE)"
2026-06-01,SPY260601C00758000,Call,758,4,2026-06-23T00:42:02.150Z,0.93,2026-06-23T00:42:02.150Z,0.58,-140,530,"Stop loss: premium 0.58 ≤ stop 0.74 (20% loss)"
2026-06-02,SPY260602C00758000,Call,758,4,2026-06-23T00:42:04.282Z,0.94,2026-06-23T00:42:04.284Z,1.02,32,562,"Trailing stop: premium 1.02 ≤ 15% give-back from peak 1.23 (trail 1.05; armed at +24%)"
2026-06-02,SPY260602C00758000,Call,758,4,2026-06-23T00:42:04.290Z,1.04,2026-06-23T00:42:04.298Z,2.1,424,986,"Trailing stop: premium 2.10 ≤ 15% give-back from peak 2.59 (trail 2.20; armed at +25%)"
2026-06-02,SPY260602C00759000,Call,759,4,2026-06-23T00:42:05.973Z,0.35,2026-06-23T00:42:05.980Z,0.45,40,1026,"Trailing stop: premium 0.45 ≤ 15% give-back from peak 0.57 (trail 0.48; armed at +26%)"
2026-06-02,SPY260602C00759000,Call,759,4,2026-06-23T00:42:05.985Z,0.52,2026-06-23T00:42:05.986Z,0.51,-4,1022,"Profit-lock stop: premium 0.51 ≤ locked stop 0.55 (raised to +5% profit after reaching +15% MFE)"
2026-06-02,SPY260602C00759000,Call,759,4,2026-06-23T00:42:06.211Z,0.47,2026-06-23T00:42:06.212Z,0.5,12,1034,"Hard flatten: past 14:30 CT cutoff"
2026-06-03,SPY260603P00756000,Put,756,3,2026-06-23T00:42:08.427Z,1.27,2026-06-23T00:42:08.429Z,1.21,-18,1016,"Profit-lock stop: premium 1.21 ≤ locked stop 1.33 (raised to +5% profit after reaching +15% MFE)"
2026-06-03,SPY260603P00756000,Put,756,4,2026-06-23T00:42:08.442Z,1.23,2026-06-23T00:42:08.447Z,1.41,72,1088,"Trailing stop: premium 1.41 ≤ 15% give-back from peak 1.81 (trail 1.54; armed at +25%)"
2026-06-03,SPY260603P00755000,Put,755,4,2026-06-23T00:42:08.595Z,1.05,2026-06-23T00:42:08.597Z,0.98,-28,1060,"Breakeven stop: premium 0.98 ≤ protected stop 1.05 (raised to entry 1.05 after reaching +10% MFE)"
2026-06-03,SPY260603P00755000,Put,755,4,2026-06-23T00:42:08.603Z,1,2026-06-23T00:42:08.604Z,0.97,-12,1048,"Breakeven stop: premium 0.97 ≤ protected stop 1.00 (raised to entry 1.00 after reaching +10% MFE)"
2026-06-03,SPY260603P00755000,Put,755,4,2026-06-23T00:42:08.620Z,1.15,2026-06-23T00:42:08.620Z,1.17,8,1056,"Profit-lock stop: premium 1.17 ≤ locked stop 1.21 (raised to +5% profit after reaching +15% MFE)"
2026-06-03,SPY260603P00754000,Put,754,4,2026-06-23T00:42:08.939Z,0.83,2026-06-23T00:42:08.939Z,0.94,44,1100,"Trailing stop: premium 0.94 ≤ 15% give-back from peak 1.13 (trail 0.96; armed at +25%)"
2026-06-03,SPY260603P00754000,Put,754,4,2026-06-23T00:42:08.962Z,0.95,2026-06-23T00:42:08.964Z,1.11,64,1164,"Trailing stop: premium 1.11 ≤ 15% give-back from peak 1.36 (trail 1.16; armed at +25%)"
2026-06-03,SPY260603P00756000,Put,756,4,2026-06-23T00:42:09.661Z,1,2026-06-23T00:42:09.666Z,1.21,84,1248,"Trailing stop: premium 1.21 ≤ 15% give-back from peak 1.47 (trail 1.25; armed at +25%)"
2026-06-03,SPY260603P00755000,Put,755,4,2026-06-23T00:42:09.671Z,0.71,2026-06-23T00:42:09.672Z,0.82,44,1292,"Trailing stop: premium 0.82 ≤ 15% give-back from peak 0.97 (trail 0.82; armed at +25%)"
2026-06-03,SPY260603P00755000,Put,755,4,2026-06-23T00:42:09.680Z,0.77,2026-06-23T00:42:09.682Z,0.95,72,1364,"Hard flatten: past 14:30 CT cutoff"
2026-06-03,SPY260603P00755000,Put,755,4,2026-06-23T00:42:09.687Z,1,2026-06-23T00:42:09.687Z,1.01,4,1368,"Hard flatten: past 14:30 CT cutoff"
2026-06-03,SPY260603P00755000,Put,755,4,2026-06-23T00:42:09.698Z,1.07,2026-06-23T00:42:09.698Z,1.02,-20,1348,"Hard flatten: past 14:30 CT cutoff"
2026-06-03,SPY260603P00755000,Put,755,4,2026-06-23T00:42:09.804Z,0.66,2026-06-23T00:42:09.804Z,0.91,100,1448,"Hard flatten: past 14:30 CT cutoff"
2026-06-03,SPY260603P00755000,Put,755,4,2026-06-23T00:42:09.813Z,0.92,2026-06-23T00:42:09.814Z,0.97,20,1468,"Hard flatten: past 14:30 CT cutoff"
2026-06-03,SPY260603P00755000,Put,755,4,2026-06-23T00:42:09.819Z,0.94,2026-06-23T00:42:09.819Z,1.02,32,1500,"Hard flatten: past 14:30 CT cutoff"
2026-06-03,SPY260603P00754000,Put,754,4,2026-06-23T00:42:09.848Z,0.53,2026-06-23T00:42:09.849Z,0.61,32,1532,"Hard flatten: past 14:30 CT cutoff"
2026-06-04,SPY260604C00753000,Call,753,3,2026-06-23T00:42:11.429Z,1.48,2026-06-23T00:42:11.430Z,1.15,-99,1433,"Stop loss: premium 1.15 ≤ stop 1.18 (20% loss)"
2026-06-04,SPY260604C00753000,Call,753,4,2026-06-23T00:42:11.752Z,1.19,2026-06-23T00:42:11.753Z,1.35,64,1497,"Trailing stop: premium 1.35 ≤ 15% give-back from peak 1.63 (trail 1.39; armed at +25%)"
2026-06-04,SPY260604C00753000,Call,753,3,2026-06-23T00:42:11.754Z,1.55,2026-06-23T00:42:11.756Z,1.64,27,1524,"Trailing stop: premium 1.64 ≤ 15% give-back from peak 1.96 (trail 1.67; armed at +25%)"
2026-06-04,SPY260604C00754000,Call,754,4,2026-06-23T00:42:12.164Z,1.15,2026-06-23T00:42:12.170Z,1.92,308,1832,"Trailing stop: premium 1.92 ≤ 15% give-back from peak 2.26 (trail 1.92; armed at +25%)"
2026-06-04,SPY260604C00756000,Call,756,4,2026-06-23T00:42:12.950Z,0.92,2026-06-23T00:42:12.952Z,0.97,20,1852,"Profit-lock stop: premium 0.97 ≤ locked stop 0.97 (raised to +5% profit after reaching +15% MFE)"
2026-06-04,SPY260604C00757000,Call,757,4,2026-06-23T00:42:13.152Z,0.52,2026-06-23T00:42:13.153Z,0.53,4,1856,"Profit-lock stop: premium 0.53 ≤ locked stop 0.55 (raised to +5% profit after reaching +15% MFE)"
2026-06-04,SPY260604C00757000,Call,757,4,2026-06-23T00:42:13.154Z,0.55,2026-06-23T00:42:13.155Z,0.43,-48,1808,"Stop loss: premium 0.43 ≤ stop 0.44 (20% loss)"
2026-06-04,SPY260604C00757000,Call,757,4,2026-06-23T00:42:13.184Z,0.54,2026-06-23T00:42:13.184Z,0.57,12,1820,"Profit-lock stop: premium 0.57 ≤ locked stop 0.57 (raised to +5% profit after reaching +15% MFE)"
2026-06-04,SPY260604C00758000,Call,758,4,2026-06-23T00:42:13.704Z,0.45,2026-06-23T00:42:13.705Z,0.36,-36,1784,"Stop loss: premium 0.36 ≤ stop 0.36 (20% loss)"
2026-06-05,SPY260605P00749000,Put,749,2,2026-06-23T00:42:15.909Z,1.86,2026-06-23T00:42:15.911Z,1.3,-112,1672,"Stop loss: premium 1.30 ≤ stop 1.49 (20% loss)"
2026-06-05,SPY260605P00748000,Put,748,4,2026-06-23T00:42:17.003Z,1.21,2026-06-23T00:42:17.004Z,1.24,12,1684,"Profit-lock stop: premium 1.24 ≤ locked stop 1.27 (raised to +5% profit after reaching +15% MFE)"
2026-06-05,SPY260605P00748000,Put,748,4,2026-06-23T00:42:17.026Z,1.19,2026-06-23T00:42:17.030Z,1.89,280,1964,"Trailing stop: premium 1.89 ≤ 15% give-back from peak 2.26 (trail 1.92; armed at +25%)"
2026-06-05,SPY260605P00747000,Put,747,3,2026-06-23T00:42:17.297Z,1.38,2026-06-23T00:42:17.301Z,1.42,12,1976,"Profit-lock stop: premium 1.42 ≤ locked stop 1.45 (raised to +5% profit after reaching +15% MFE)"
2026-06-05,SPY260605P00746000,Put,746,3,2026-06-23T00:42:17.737Z,1.37,2026-06-23T00:42:17.738Z,1.67,90,2066,"Trailing stop: premium 1.67 ≤ 15% give-back from peak 2.05 (trail 1.74; armed at +25%)"
2026-06-05,SPY260605P00745000,Put,745,3,2026-06-23T00:42:18.034Z,1.44,2026-06-23T00:42:18.035Z,1.4,-12,2054,"Breakeven stop: premium 1.40 ≤ protected stop 1.44 (raised to entry 1.44 after reaching +10% MFE)"
2026-06-05,SPY260605P00744000,Put,744,4,2026-06-23T00:42:18.387Z,1.07,2026-06-23T00:42:18.412Z,1.22,60,2114,"Trailing stop: premium 1.22 ≤ 15% give-back from peak 1.56 (trail 1.33; armed at +25%)"
2026-06-05,SPY260605P00744000,Put,744,3,2026-06-23T00:42:18.419Z,1.38,2026-06-23T00:42:18.432Z,1.92,162,2276,"Trailing stop: premium 1.92 ≤ 15% give-back from peak 2.56 (trail 2.18; armed at +25%)"
2026-06-05,SPY260605P00741000,Put,741,4,2026-06-23T00:42:19.731Z,0.7,2026-06-23T00:42:19.731Z,0.88,72,2348,"Trailing stop: premium 0.88 ≤ 15% give-back from peak 1.04 (trail 0.88; armed at +26%)"
2026-06-05,SPY260605P00741000,Put,741,4,2026-06-23T00:42:19.768Z,0.89,2026-06-23T00:42:19.776Z,2.14,500,2848,"Trailing stop: premium 2.14 ≤ 15% give-back from peak 2.99 (trail 2.54; armed at +25%)"
2026-06-05,SPY260605P00739000,Put,739,3,2026-06-23T00:42:20.285Z,1.37,2026-06-23T00:42:20.285Z,1.42,15,2863,"Profit-lock stop: premium 1.42 ≤ locked stop 1.44 (raised to +5% profit after reaching +15% MFE)"
2026-06-05,SPY260605P00738000,Put,738,4,2026-06-23T00:42:20.682Z,0.89,2026-06-23T00:42:20.682Z,0.9,4,2867,"Profit-lock stop: premium 0.90 ≤ locked stop 0.93 (raised to +5% profit after reaching +15% MFE)"
2026-06-05,SPY260605P00738000,Put,738,4,2026-06-23T00:42:20.711Z,0.99,2026-06-23T00:42:20.713Z,2.38,556,3423,"Trailing stop: premium 2.38 ≤ 15% give-back from peak 2.80 (trail 2.38; armed at +25%)"
2026-06-05,SPY260605P00736000,Put,736,4,2026-06-23T00:42:21.346Z,1.19,2026-06-23T00:42:21.346Z,0.92,-108,3315,"Stop loss: premium 0.92 ≤ stop 0.95 (20% loss)"
2026-06-08,SPY260608P00741000,Put,741,4,2026-06-23T00:42:25.035Z,1.21,2026-06-23T00:42:25.035Z,1.34,52,3367,"Trailing stop: premium 1.34 ≤ 15% give-back from peak 1.65 (trail 1.40; armed at +25%)"
2026-06-08,SPY260608P00741000,Put,741,4,2026-06-23T00:42:25.049Z,1.11,2026-06-23T00:42:25.049Z,1.43,128,3495,"Trailing stop: premium 1.43 ≤ 15% give-back from peak 1.69 (trail 1.44; armed at +25%)"
2026-06-08,SPY260608P00741000,Put,741,3,2026-06-23T00:42:25.052Z,1.34,2026-06-23T00:42:25.052Z,1.3,-12,3483,"Breakeven stop: premium 1.30 ≤ protected stop 1.34 (raised to entry 1.34 after reaching +10% MFE)"
2026-06-08,SPY260608P00740000,Put,740,4,2026-06-23T00:42:25.363Z,0.98,2026-06-23T00:42:25.364Z,1.04,24,3507,"Trailing stop: premium 1.04 ≤ 15% give-back from peak 1.30 (trail 1.10; armed at +26%)"
2026-06-08,SPY260608P00741000,Put,741,4,2026-06-23T00:42:25.392Z,0.92,2026-06-23T00:42:25.392Z,1.07,60,3567,"Trailing stop: premium 1.07 ≤ 15% give-back from peak 1.35 (trail 1.15; armed at +25%)"
2026-06-08,SPY260608P00741000,Put,741,4,2026-06-23T00:42:25.399Z,1.07,2026-06-23T00:42:25.399Z,1.01,-24,3543,"Profit-lock stop: premium 1.01 ≤ locked stop 1.12 (raised to +5% profit after reaching +15% MFE)"
2026-06-08,SPY260608P00741000,Put,741,4,2026-06-23T00:42:25.626Z,0.7,2026-06-23T00:42:25.626Z,0.75,20,3563,"Trailing stop: premium 0.75 ≤ 15% give-back from peak 0.94 (trail 0.80; armed at +26%)"
2026-06-08,SPY260608P00741000,Put,741,4,2026-06-23T00:42:25.631Z,0.75,2026-06-23T00:42:25.632Z,1.44,276,3839,"Trailing stop: premium 1.44 ≤ 15% give-back from peak 1.76 (trail 1.50; armed at +25%)"
2026-06-08,SPY260608P00739000,Put,739,4,2026-06-23T00:42:25.812Z,0.78,2026-06-23T00:42:25.813Z,0.62,-64,3775,"Stop loss: premium 0.62 ≤ stop 0.62 (20% loss)"
2026-06-08,SPY260608P00739000,Put,739,4,2026-06-23T00:42:25.816Z,0.64,2026-06-23T00:42:25.816Z,0.97,132,3907,"Trailing stop: premium 0.97 ≤ 15% give-back from peak 1.28 (trail 1.09; armed at +25%)"
2026-06-09,SPY260609P00744000,Put,744,3,2026-06-23T00:42:27.866Z,1.46,2026-06-23T00:42:27.867Z,1.42,-12,3895,"Breakeven stop: premium 1.42 ≤ protected stop 1.46 (raised to entry 1.46 after reaching +10% MFE)"
2026-06-09,SPY260609P00744000,Put,744,3,2026-06-23T00:42:27.870Z,1.37,2026-06-23T00:42:27.872Z,3.53,648,4543,"Trailing stop: premium 3.53 ≤ 15% give-back from peak 4.95 (trail 4.21; armed at +25%)"
2026-06-09,SPY260609P00741000,Put,741,2,2026-06-23T00:42:28.931Z,1.67,2026-06-23T00:42:28.931Z,1.69,4,4547,"Profit-lock stop: premium 1.69 ≤ locked stop 1.75 (raised to +5% profit after reaching +15% MFE)"
2026-06-09,SPY260609P00740000,Put,740,3,2026-06-23T00:42:29.334Z,1.54,2026-06-23T00:42:29.335Z,4.73,957,5504,"Trailing stop: premium 4.73 ≤ 15% give-back from peak 5.82 (trail 4.95; armed at +25%)"
2026-06-09,SPY260609P00736000,Put,736,2,2026-06-23T00:42:30.907Z,2.17,2026-06-23T00:42:30.907Z,1.97,-40,5464,"Breakeven stop: premium 1.97 ≤ protected stop 2.17 (raised to entry 2.17 after reaching +10% MFE)"
2026-06-09,SPY260609P00735000,Put,735,3,2026-06-23T00:42:31.117Z,1.63,2026-06-23T00:42:31.119Z,4.04,723,6187,"Trailing stop: premium 4.04 ≤ 15% give-back from peak 5.20 (trail 4.42; armed at +25%)"
2026-06-09,SPY260609P00729000,Put,729,2,2026-06-23T00:42:33.197Z,1.96,2026-06-23T00:42:33.197Z,1.96,0,6187,"Profit-lock stop: premium 1.96 ≤ locked stop 2.06 (raised to +5% profit after reaching +15% MFE)"
2026-06-09,SPY260609P00728000,Put,728,2,2026-06-23T00:42:33.538Z,2,2026-06-23T00:42:33.538Z,1.89,-22,6165,"Profit-lock stop: premium 1.89 ≤ locked stop 2.10 (raised to +5% profit after reaching +15% MFE)"
2026-06-09,SPY260609P00727000,Put,727,2,2026-06-23T00:42:33.923Z,2.38,2026-06-23T00:42:33.923Z,2.8,84,6249,"Trailing stop: premium 2.80 ≤ 15% give-back from peak 3.45 (trail 2.93; armed at +25%)"
2026-06-09,SPY260609P00724000,Put,724,4,2026-06-23T00:42:34.984Z,1.15,2026-06-23T00:42:34.984Z,2.43,512,6761,"Trailing stop: premium 2.43 ≤ 15% give-back from peak 3.57 (trail 3.03; armed at +25%)"
2026-06-09,SPY260609P00732000,Put,732,2,2026-06-23T00:42:35.291Z,2.05,2026-06-23T00:42:35.291Z,1.95,-20,6741,"Profit-lock stop: premium 1.95 ≤ locked stop 2.15 (raised to +5% profit after reaching +15% MFE)"
2026-06-09,SPY260609P00732000,Put,732,3,2026-06-23T00:42:35.327Z,1.38,2026-06-23T00:42:35.327Z,1.41,9,6750,"Profit-lock stop: premium 1.41 ≤ locked stop 1.45 (raised to +5% profit after reaching +15% MFE)"
2026-06-09,SPY260609P00733000,Put,733,3,2026-06-23T00:42:35.343Z,1.65,2026-06-23T00:42:35.344Z,1.09,-168,6582,"Stop loss: premium 1.09 ≤ stop 1.32 (20% loss)"
2026-06-10,SPY260610P00734000,Put,734,2,2026-06-23T00:42:38.261Z,2.33,2026-06-23T00:42:38.262Z,2.65,64,6646,"Trailing stop: premium 2.65 ≤ 15% give-back from peak 3.72 (trail 3.16; armed at +25%)"
2026-06-10,SPY260610P00732000,Put,732,2,2026-06-23T00:42:39.118Z,2.46,2026-06-23T00:42:39.120Z,3.39,186,6832,"Trailing stop: premium 3.39 ≤ 15% give-back from peak 4.12 (trail 3.50; armed at +25%)"
2026-06-10,SPY260610P00729000,Put,729,2,2026-06-23T00:42:40.128Z,1.99,2026-06-23T00:42:40.129Z,2.29,60,6892,"Trailing stop: premium 2.29 ≤ 15% give-back from peak 2.77 (trail 2.35; armed at +25%)"
2026-06-10,SPY260610P00730000,Put,730,2,2026-06-23T00:42:40.166Z,2.05,2026-06-23T00:42:40.166Z,2.1,10,6902,"Profit-lock stop: premium 2.10 ≤ locked stop 2.15 (raised to +5% profit after reaching +15% MFE)"
2026-06-10,SPY260610P00730000,Put,730,2,2026-06-23T00:42:40.189Z,1.92,2026-06-23T00:42:40.189Z,1.95,6,6908,"Profit-lock stop: premium 1.95 ≤ locked stop 2.02 (raised to +5% profit after reaching +15% MFE)"
2026-06-10,SPY260610P00730000,Put,730,2,2026-06-23T00:42:40.274Z,2.01,2026-06-23T00:42:40.274Z,1.82,-38,6870,"Breakeven stop: premium 1.82 ≤ protected stop 2.01 (raised to entry 2.01 after reaching +10% MFE)"
2026-06-10,SPY260610P00729000,Put,729,2,2026-06-23T00:42:40.295Z,1.69,2026-06-23T00:42:40.296Z,1.8,22,6892,"Trailing stop: premium 1.80 ≤ 15% give-back from peak 2.16 (trail 1.84; armed at +25%)"
2026-06-10,SPY260610P00729000,Put,729,3,2026-06-23T00:42:40.314Z,1.51,2026-06-23T00:42:40.316Z,1.4,-33,6859,"Profit-lock stop: premium 1.40 ≤ locked stop 1.59 (raised to +5% profit after reaching +15% MFE)"
2026-06-10,SPY260610P00729000,Put,729,3,2026-06-23T00:42:40.477Z,1.37,2026-06-23T00:42:40.479Z,2.15,234,7093,"Trailing stop: premium 2.15 ≤ 15% give-back from peak 2.56 (trail 2.18; armed at +25%)"
2026-06-10,SPY260610P00727000,Put,727,4,2026-06-23T00:42:41.305Z,1.12,2026-06-23T00:42:41.305Z,1.07,-20,7073,"Profit-lock stop: premium 1.07 ≤ locked stop 1.18 (raised to +5% profit after reaching +15% MFE)"
2026-06-10,SPY260610P00727000,Put,727,4,2026-06-23T00:42:41.308Z,1.17,2026-06-23T00:42:41.308Z,1.11,-24,7049,"Profit-lock stop: premium 1.11 ≤ locked stop 1.23 (raised to +5% profit after reaching +15% MFE)"
2026-06-10,SPY260610P00727000,Put,727,4,2026-06-23T00:42:41.331Z,1.12,2026-06-23T00:42:41.339Z,1.7,232,7281,"Hard flatten: past 14:30 CT cutoff"
2026-06-10,SPY260610P00726000,Put,726,4,2026-06-23T00:42:41.633Z,0.56,2026-06-23T00:42:41.633Z,0.72,64,7345,"Hard flatten: past 14:30 CT cutoff"
2026-06-10,SPY260610P00725000,Put,725,4,2026-06-23T00:42:42.036Z,0.17,2026-06-23T00:42:42.036Z,0.16,-4,7341,"End-of-session flatten (backtest)"
2026-06-11,SPY260611C00732000,Call,732,2,2026-06-23T00:42:44.561Z,2.04,2026-06-23T00:42:44.562Z,1.91,-26,7315,"Profit-lock stop: premium 1.91 ≤ locked stop 2.14 (raised to +5% profit after reaching +15% MFE)"
2026-06-11,SPY260611C00733000,Call,733,4,2026-06-23T00:42:46.978Z,0.77,2026-06-23T00:42:46.979Z,1.62,340,7655,"Trailing stop: premium 1.62 ≤ 15% give-back from peak 2.33 (trail 1.98; armed at +25%)"
2026-06-11,SPY260611C00734000,Call,734,2,2026-06-23T00:42:47.233Z,1.69,2026-06-23T00:42:47.234Z,1.54,-30,7625,"Profit-lock stop: premium 1.54 ≤ locked stop 1.77 (raised to +5% profit after reaching +15% MFE)"
2026-06-11,SPY260611C00734000,Call,734,2,2026-06-23T00:42:47.241Z,1.91,2026-06-23T00:42:47.242Z,2.3,78,7703,"Trailing stop: premium 2.30 ≤ 15% give-back from peak 3.09 (trail 2.63; armed at +25%)"
2026-06-11,SPY260611C00736000,Call,736,4,2026-06-23T00:42:47.926Z,1.25,2026-06-23T00:42:47.926Z,0.85,-160,7543,"Stop loss: premium 0.85 ≤ stop 1.00 (20% loss)"
2026-06-12,SPY260612C00738000,Call,738,2,2026-06-23T00:42:49.968Z,2.4,2026-06-23T00:42:49.970Z,3.56,232,7775,"Trailing stop: premium 3.56 ≤ 15% give-back from peak 4.25 (trail 3.61; armed at +25%)"
2026-06-12,SPY260612C00741000,Call,741,2,2026-06-23T00:42:50.998Z,2.48,2026-06-23T00:42:51.000Z,1.98,-100,7675,"Stop loss: premium 1.98 ≤ stop 1.98 (20% loss)"
2026-06-12,SPY260612C00740000,Call,740,2,2026-06-23T00:42:51.405Z,1.69,2026-06-23T00:42:51.406Z,3.46,354,8029,"Trailing stop: premium 3.46 ≤ 15% give-back from peak 4.27 (trail 3.63; armed at +25%)"
2026-06-12,SPY260612C00743000,Call,743,2,2026-06-23T00:42:52.307Z,2.17,2026-06-23T00:42:52.309Z,2.36,38,8067,"Trailing stop: premium 2.36 ≤ 15% give-back from peak 2.86 (trail 2.43; armed at +25%)"
2026-06-12,SPY260612C00741000,Call,741,2,2026-06-23T00:42:52.341Z,2.04,2026-06-23T00:42:52.341Z,1.99,-10,8057,"Profit-lock stop: premium 1.99 ≤ locked stop 2.14 (raised to +5% profit after reaching +15% MFE)"
2026-06-12,SPY260612C00740000,Call,740,2,2026-06-23T00:42:52.362Z,1.91,2026-06-23T00:42:52.362Z,1.9,-2,8055,"Breakeven stop: premium 1.90 ≤ protected stop 1.91 (raised to entry 1.91 after reaching +10% MFE)"
2026-06-12,SPY260612C00740000,Call,740,2,2026-06-23T00:42:52.364Z,2.24,2026-06-23T00:42:52.365Z,2.55,62,8117,"Trailing stop: premium 2.55 ≤ 15% give-back from peak 3.30 (trail 2.80; armed at +25%)"
2026-06-12,SPY260612C00742000,Call,742,3,2026-06-23T00:42:52.512Z,1.34,2026-06-23T00:42:52.513Z,1.46,36,8153,"Trailing stop: premium 1.46 ≤ 15% give-back from peak 1.91 (trail 1.62; armed at +25%)"
2026-06-12,SPY260612C00742000,Call,742,3,2026-06-23T00:42:52.515Z,1.27,2026-06-23T00:42:52.516Z,1.34,21,8174,"Trailing stop: premium 1.34 ≤ 15% give-back from peak 1.86 (trail 1.58; armed at +25%)"
2026-06-12,SPY260612C00742000,Call,742,4,2026-06-23T00:42:52.743Z,0.94,2026-06-23T00:42:52.743Z,0.89,-20,8154,"Profit-lock stop: premium 0.89 ≤ locked stop 0.99 (raised to +5% profit after reaching +15% MFE)"
2026-06-12,SPY260612C00742000,Call,742,4,2026-06-23T00:42:52.764Z,0.87,2026-06-23T00:42:52.765Z,0.67,-80,8074,"Breakeven stop: premium 0.67 ≤ protected stop 0.87 (raised to entry 0.87 after reaching +10% MFE)"
2026-06-15,SPY260615C00754000,Call,754,4,2026-06-23T00:42:54.848Z,1.12,2026-06-23T00:42:54.849Z,1.07,-20,8054,"Breakeven stop: premium 1.07 ≤ protected stop 1.12 (raised to entry 1.12 after reaching +10% MFE)"
2026-06-15,SPY260615C00753000,Call,753,3,2026-06-23T00:42:54.870Z,1.38,2026-06-23T00:42:54.871Z,1.44,18,8072,"Profit-lock stop: premium 1.44 ≤ locked stop 1.45 (raised to +5% profit after reaching +15% MFE)"
2026-06-15,SPY260615C00753000,Call,753,3,2026-06-23T00:42:54.874Z,1.35,2026-06-23T00:42:54.880Z,3.24,567,8639,"Trailing stop: premium 3.24 ≤ 15% give-back from peak 3.83 (trail 3.26; armed at +25%)"
2026-06-15,SPY260615C00755000,Call,755,4,2026-06-23T00:42:56.346Z,0.5,2026-06-23T00:42:56.347Z,0.65,60,8699,"Trailing stop: premium 0.65 ≤ 15% give-back from peak 0.77 (trail 0.65; armed at +26%)"
2026-06-16,SPY260616P00754000,Put,754,4,2026-06-23T00:42:58.532Z,1,2026-06-23T00:42:58.535Z,1.8,320,9019,"Trailing stop: premium 1.80 ≤ 15% give-back from peak 2.26 (trail 1.92; armed at +25%)"
2026-06-16,SPY260616P00753000,Put,753,4,2026-06-23T00:42:58.898Z,1.17,2026-06-23T00:42:58.898Z,1.23,24,9043,"Profit-lock stop: premium 1.23 ≤ locked stop 1.23 (raised to +5% profit after reaching +15% MFE)"
2026-06-16,SPY260616P00753000,Put,753,4,2026-06-23T00:42:58.945Z,1,2026-06-23T00:42:58.946Z,1.09,36,9079,"Trailing stop: premium 1.09 ≤ 15% give-back from peak 1.29 (trail 1.10; armed at +25%)"
2026-06-16,SPY260616P00752000,Put,752,4,2026-06-23T00:42:59.223Z,0.95,2026-06-23T00:42:59.223Z,0.73,-88,8991,"Stop loss: premium 0.73 ≤ stop 0.76 (20% loss)"
2026-06-16,SPY260616P00752000,Put,752,4,2026-06-23T00:42:59.239Z,0.79,2026-06-23T00:42:59.240Z,1,84,9075,"Trailing stop: premium 1.00 ≤ 15% give-back from peak 1.20 (trail 1.02; armed at +25%)"
2026-06-16,SPY260616P00753000,Put,753,4,2026-06-23T00:42:59.288Z,0.71,2026-06-23T00:42:59.288Z,0.69,-8,9067,"Breakeven stop: premium 0.69 ≤ protected stop 0.71 (raised to entry 0.71 after reaching +10% MFE)"
2026-06-16,SPY260616P00753000,Put,753,4,2026-06-23T00:42:59.315Z,0.71,2026-06-23T00:42:59.315Z,0.69,-8,9059,"Profit-lock stop: premium 0.69 ≤ locked stop 0.75 (raised to +5% profit after reaching +15% MFE)"
2026-06-16,SPY260616P00753000,Put,753,4,2026-06-23T00:42:59.382Z,1.07,2026-06-23T00:42:59.382Z,1.11,16,9075,"Profit-lock stop: premium 1.11 ≤ locked stop 1.12 (raised to +5% profit after reaching +15% MFE)"
2026-06-16,SPY260616P00752000,Put,752,4,2026-06-23T00:42:59.395Z,0.66,2026-06-23T00:42:59.395Z,0.63,-12,9063,"Breakeven stop: premium 0.63 ≤ protected stop 0.66 (raised to entry 0.66 after reaching +10% MFE)"
2026-06-16,SPY260616P00752000,Put,752,4,2026-06-23T00:42:59.397Z,0.66,2026-06-23T00:42:59.398Z,0.5,-64,8999,"Stop loss: premium 0.50 ≤ stop 0.53 (20% loss)"
2026-06-16,SPY260616P00752000,Put,752,4,2026-06-23T00:42:59.412Z,0.56,2026-06-23T00:42:59.412Z,0.69,52,9051,"Trailing stop: premium 0.69 ≤ 15% give-back from peak 0.84 (trail 0.71; armed at +25%)"
2026-06-16,SPY260616P00752000,Put,752,4,2026-06-23T00:42:59.429Z,0.67,2026-06-23T00:42:59.430Z,0.65,-8,9043,"Breakeven stop: premium 0.65 ≤ protected stop 0.67 (raised to entry 0.67 after reaching +10% MFE)"
2026-06-16,SPY260616P00752000,Put,752,4,2026-06-23T00:42:59.433Z,0.69,2026-06-23T00:42:59.433Z,0.84,60,9103,"Trailing stop: premium 0.84 ≤ 15% give-back from peak 1.04 (trail 0.88; armed at +25%)"
2026-06-16,SPY260616P00752000,Put,752,4,2026-06-23T00:42:59.445Z,0.74,2026-06-23T00:42:59.445Z,0.72,-8,9095,"Profit-lock stop: premium 0.72 ≤ locked stop 0.78 (raised to +5% profit after reaching +15% MFE)"
2026-06-16,SPY260616P00751000,Put,751,4,2026-06-23T00:42:59.857Z,0.29,2026-06-23T00:42:59.857Z,0.32,12,9107,"Trailing stop: premium 0.32 ≤ 15% give-back from peak 0.42 (trail 0.36; armed at +24%)"
2026-06-16,SPY260616P00751000,Put,751,4,2026-06-23T00:42:59.860Z,0.3,2026-06-23T00:42:59.860Z,0.31,4,9111,"Profit-lock stop: premium 0.31 ≤ locked stop 0.32 (raised to +5% profit after reaching +15% MFE)"
2026-06-16,SPY260616P00751000,Put,751,4,2026-06-23T00:42:59.864Z,0.39,2026-06-23T00:42:59.866Z,0.86,188,9299,"Trailing stop: premium 0.86 ≤ 15% give-back from peak 1.07 (trail 0.91; armed at +26%)"
2026-06-16,SPY260616P00751000,Put,751,4,2026-06-23T00:42:59.917Z,0.49,2026-06-23T00:42:59.917Z,0.55,24,9323,"Hard flatten: past 14:30 CT cutoff"
2026-06-16,SPY260616P00751000,Put,751,4,2026-06-23T00:42:59.928Z,0.71,2026-06-23T00:42:59.928Z,0.62,-36,9287,"Hard flatten: past 14:30 CT cutoff"
2026-06-17,SPY260617P00748000,Put,748,3,2026-06-23T00:43:03.013Z,1.35,2026-06-23T00:43:03.013Z,1.93,174,9461,"Trailing stop: premium 1.93 ≤ 15% give-back from peak 2.30 (trail 1.95; armed at +25%)"
2026-06-17,SPY260617P00749000,Put,749,2,2026-06-23T00:43:03.028Z,2.37,2026-06-23T00:43:03.029Z,1.88,-98,9363,"Stop loss: premium 1.88 ≤ stop 1.90 (20% loss)"
2026-06-17,SPY260617P00750000,Put,750,2,2026-06-23T00:43:03.285Z,2.26,2026-06-23T00:43:03.287Z,2.32,12,9375,"Profit-lock stop: premium 2.32 ≤ locked stop 2.37 (raised to +5% profit after reaching +15% MFE)"
2026-06-17,SPY260617P00749000,Put,749,2,2026-06-23T00:43:03.310Z,1.94,2026-06-23T00:43:03.311Z,1.53,-82,9293,"Stop loss: premium 1.53 ≤ stop 1.55 (20% loss)"
2026-06-17,SPY260617P00748000,Put,748,4,2026-06-23T00:43:03.337Z,1,2026-06-23T00:43:03.338Z,4.18,1272,10565,"Trailing stop: premium 4.18 ≤ 15% give-back from peak 5.51 (trail 4.68; armed at +25%)"
2026-06-17,SPY260617P00747000,Put,747,2,2026-06-23T00:43:03.894Z,2.05,2026-06-23T00:43:03.894Z,1.84,-42,10523,"Profit-lock stop: premium 1.84 ≤ locked stop 2.15 (raised to +5% profit after reaching +15% MFE)"
